{
  "timestamp": "2025-06-29T15:10:35.729280",
  "test_data_summary": {
    "total_users": 50,
    "ground_truth_users": 50
  },
  "metrics": {
    "Cold Start Strategy": {
      "precision@k": 0.0,
      "recall@k": 0.0,
      "f1@k": 0.0,
      "hit_rate@k": 0.0,
      "users_evaluated": 50
    },
    "Personalization Engine": {
      "precision@k": 0.5933333333333333,
      "recall@k": 0.607,
      "f1@k": 0.5645714285714285,
      "hit_rate@k": 0.94,
      "users_evaluated": 50
    },
    "Random": {
      "precision@k": 0.5266666666666666,
      "recall@k": 0.5213333333333333,
      "f1@k": 0.49633333333333335,
      "hit_rate@k": 0.86,
      "users_evaluated": 50
    },
    "Popular": {
      "precision@k": 0.58,
      "recall@k": 0.5946666666666667,
      "f1@k": 0.5550952380952381,
      "hit_rate@k": 0.9,
      "users_evaluated": 50
    },
    "Demographic": {
      "precision@k": 0.5933333333333333,
      "recall@k": 0.607,
      "f1@k": 0.5645714285714285,
      "hit_rate@k": 0.94,
      "users_evaluated": 50
    }
  }
}